Product ID,Store ID,Current Stock,Predicted Demand,Lead Time,Suggested Reorder Qty
2518,54,100,374.1716,29,274
3518,73,355,362.46722,9,7
3722,70,139,355.86316,7,216
9048,29,211,350.02432,21,139
1099,24,97,340.97418,15,243
9556,17,198,338.0294,27,140
8050,74,78,320.62878,9,242
1971,38,195,291.02563,25,96
9633,80,229,274.74338,17,45
6435,73,2,207.02492,24,205
7133,43,143,199.08568,29,56
9461,1,31,174.85567,26,143
